{
	"code": 0,
	"msg": "",
	"count": 1000,
	"data": [ {
		"id": "20190510121452124560",
		"username": "user001",
		"city": "城市-9",
		"birth": "2018-12-13",
		"createTime": "2019-12-12 10:10:10",
		"remark": "测试备注123"
	},{
		"id": "20190510121452124560",
		"username": "user001",
		"city": "城市-9",
		"birth": "2018-12-13",
		"createTime": "2019-04-22 09:57:23",
		"remark": "测试,备注123"
	},{
		"id": "20190510121452124560",
		"username": "user001",
		"city": "城市-9",
		"birth": "2018-12-13",
		"createTime": "2019-12-12 10:10:10",
		"remark": "测试备，注123"
	},{
		"id": "20190510121452124560",
		"username": "user001",
		"city": "城市-9",
		"birth": "2018-12-13",
		"createTime": "2019-12-12 10:10:10",
		"remark": "测试备注123"
	},{
		"id": "20190510121452124560",
		"username": "user001",
		"city": "城市-9",
		"birth": "2018-12-13",
		"createTime": "2019-12-12 10:10:10",
		"remark": "测试备注123"
	},{
		"id": "20190510121452124560",
		"username": "user001",
		"city": "城市-9",
		"birth": "2018-12-13",
		"createTime": "2019-12-12 10:10:10",
		"remark": "测试备注123"
	},{
		"id": "20190510121452124560",
		"username": "user001",
		"city": "城市-9",
		"birth": "2018-12-13",
		"createTime": "2019-12-12 10:10:10",
		"remark": "测试备注123"
	},{
		"id": "20190510121452124560",
		"username": "user001",
		"city": "城市-9",
		"birth": "2018-12-13",
		"createTime": "2019-12-12 10:10:10",
		"remark": "测试备注123"
	},{
		"id": "20190510121452124560",
		"username": "user001",
		"city": "城市-9",
		"birth": "2018-12-13",
		"createTime": "2019-12-12 10:10:10",
		"remark": "测试备注123"
	},{
		"id": "20190510121452124560",
		"username": "user001",
		"city": "城市-9",
		"birth": "2018-12-13",
		"createTime": "2019-12-12 10:10:10",
		"remark": "测试备注123"
	}]
}
